price	title	url
$1.99	Beverage Glass	http://www.hm.com/us/product/70917?article=70917-A
$4.99	Slub-weave Cushion Cover	http://www.hm.com/us/product/91551?article=91551-A
$3.99	Metal Tea Light Holder	http://www.hm.com/us/product/50558?article=50558-E
$5.99	Jacquard-weave Cushion Cover	http://www.hm.com/us/product/72455?article=72455-A
$9.99	Seat Cushion with Tassels	http://www.hm.com/us/product/83017?article=83017-B
$5.99	Cotton Cushion Cover	http://www.hm.com/us/product/69864?article=69864-D
$5.99	Jacquard-weave Cushion Cover	http://www.hm.com/us/product/83977?article=83977-A
$2.99	Cotton Canvas Cushion Cover	http://www.hm.com/us/product/59601?article=59601-Q
$3.99	Jacquard-patterned Hand Towel	http://www.hm.com/us/product/70452?article=70452-P
$14.99	Dotted Duvet Cover Set	http://www.hm.com/us/product/83667?article=83667-B
$29.99	Washed Linen Fitted Sheet	http://www.hm.com/us/product/59937?article=59937-E
$14.99	Stoneware Cake Box	http://www.hm.com/us/product/76261?article=76261-A
$24.99	Dotted Duvet Cover Set	http://www.hm.com/us/product/94237?article=94237-B
$6.99	Jacquard-weave Cushion Cover	http://www.hm.com/us/product/70878?article=70878-B
$9.99	2-pack Curtain Panels	http://www.hm.com/us/product/83455?article=83455-A
$6.99	Jute Storage Basket	http://www.hm.com/us/product/94574?article=94574-B
$12.99	Patterned Duvet Cover Set	http://www.hm.com/us/product/92813?article=92813-C
$7.99	Slub-weave Cushion Cover	http://www.hm.com/us/product/83694?article=83694-A
$12.99	Patterned Duvet Cover Set	http://www.hm.com/us/product/83416?article=83416-A
$9.99	Round Wooden Cutting Board	http://www.hm.com/us/product/90885?article=90885-A
$34.99	Washed Linen Bedskirt	http://www.hm.com/us/product/94273?article=94273-E
$39.99	Twin Quilted Bedspread	http://www.hm.com/us/product/98117?article=98117-B
$14.99	Jersey Duvet Cover Set	http://www.hm.com/us/product/83413?article=83413-A
$34.99	Striped Duvet Cover Set	http://www.hm.com/us/product/93002?article=93002-A
$5.99	Patterned Cushion Cover	http://www.hm.com/us/product/83691?article=83691-A
$2.99	Metal Tea Light Holder	http://www.hm.com/us/product/93415?article=93415-B
$14.99	Textured-weave Cushion Cover	http://www.hm.com/us/product/98181?article=98181-A
$24.99	Jacquard-weave Throw	http://www.hm.com/us/product/83209?article=83209-B
$5.99	Cotton Seat Cushion	http://www.hm.com/us/product/92909?article=92909-B
$12.99	Round Wooden Box	http://www.hm.com/us/product/91875?article=91875-A
$9.99	Large Jute Storage Basket	http://www.hm.com/us/product/77896?article=77896-A
$9.99	Jacquard-weave Cushion Cover	http://www.hm.com/us/product/97170?article=97170-A
$9.99	Patterned Curtain Panel	http://www.hm.com/us/product/83701?article=83701-C
$9.99	Braided Tray	http://www.hm.com/us/product/96497?article=96497-A
$7.99	Porcelain Plate	http://www.hm.com/us/product/96665?article=96665-A
$17.99	2-pack Curtain Panels	http://www.hm.com/us/product/97361?article=97361-B
$9.99	Canvas Wall Storage Hanger	http://www.hm.com/us/product/39809?article=39809-A
$5.99	Patterned Cushion Cover	http://www.hm.com/us/product/82903?article=82903-A
$9.99	2-pack Curtain Panels	http://www.hm.com/us/product/83257?article=83257-A
$7.99	Metal Candlestick	http://www.hm.com/us/product/95089?article=95089-A
$14.99	Large Soft Toy	http://www.hm.com/us/product/83418?article=83418-A
$7.99	Patterned Tray	http://www.hm.com/us/product/76215?article=76215-A
$17.99	2-pack Curtain Panels	http://www.hm.com/us/product/91603?article=91603-A
$7.99	Glass Pineapple Jar	http://www.hm.com/us/product/84129?article=84129-G
$19.99	2-pack Curtain Panels	http://www.hm.com/us/product/96464?article=96464-A
$19.99	Round Water Hyacinth Basket	http://www.hm.com/us/product/72181?article=72181-A
$6.99	Diagonal-striped Cushion Cover	http://www.hm.com/us/product/81914?article=81914-B
$19.99	Round Suede Mirror	http://www.hm.com/us/product/71280?article=71280-A
$24.99	Zebra print	http://www.hm.com/us/product/81786?article=81786-B
$9.99	Textured Fleece Blanket	http://www.hm.com/us/product/83710?article=83710-A
$10.99	Large Wire Basket	http://www.hm.com/us/product/92571?article=92571-A
$6.99	Textured Porcelain Dish	http://www.hm.com/us/product/70179?article=70179-B
$3.99	Printed Porcelain Plate	http://www.hm.com/us/product/95121?article=95121-B
$3.99	Christmas-print Cushion Cover	http://www.hm.com/us/product/76033?article=76033-B
$5.99	Metal Trivet	http://www.hm.com/us/product/82144?article=82144-B
$9.99	Tall Metal Candlestick	http://www.hm.com/us/product/95088?article=95088-B
$6.99	Stoneware Plant Pot	http://www.hm.com/us/product/90656?article=90656-A
$9.99	Wall Decoration	http://www.hm.com/us/product/94521?article=94521-A
$9.99	Jacquard-weave Bath Towel	http://www.hm.com/us/product/93299?article=93299-B
$14.99	Metal Watering Can	http://www.hm.com/us/product/62062?article=62062-D
