byline,headline
By PETER BAKER,Both Parties Push Trump to Halt Family Separations
,U.N. Rights Chief Calls Separation Policy Child Abuse
By EILEEN SULLIVAN 10:03 AM ET,Trump Attacks Germany’s Policies on Immigration
,Merkel Seeks Migration Compromise to Keep German Coalition Together
By MIRIAM JORDAN 11:57 AM ET,‘I Can’t Go Without My Son’: A Deported Mother’s Plea
By BRAD PLUMER and JIM TANKERSLEY,"Trump Picks Economic Winners, Guided by Nostalgia"
By KEITH BRADSHER 10:35 AM ET,Tariffs on $50 Billion in Goods? China Can Take the Hit
,"In Strategy Shift, Pentagon Empowers Cyber Command"
By LUIS FERRÉ-SADURNÍ and MIHIR ZAVERI 7:54 AM ET,Screams and Shots Slice Through Prized Trenton Arts Festival
,Scenes From the Shooting
By CARLOTTA GALL,Plan to Raise a ‘Pious Generation’ Divides Turkish Parents
By ADAM LIPTAK 11:10 AM ET,Supreme Court Avoids an Answer on Gerrymandering
By JERÉ LONGMAN,Olympic Champion Says She’ll Challenge Testosterone Rule
,Man Executed in Iran Over Officers’ Deaths at Protest
,Audi Chief Executive Arrested Over Diesel Scandal
,Colombia Elects Populist Conservative as President
By THOMAS FULLER,A Renewed View of Some of the World’s Oldest Trees
By CHRIS STANFORD 10:03 AM ET,Your Monday Briefing
,
By TIM ARANGO and INYOUNG KANG 9:03 AM ET,California Today: The L.A. Times’s New Owner Takes the Helm
,Listen to ‘The Daily’: Cracking Down on Leaks
,Listen to ‘The Daily’: Cracking Down on Leaks
By ANN CARRNS,Hurricane Season Has Begun. Do You Need Flood Insurance?
,Graduation Gift Ideas
,
By SAM ROBERTS,Untrodden Broadway: The Hidden Gems of a World-Famous Street
By RORY SMITH 9:28 AM ET,Dele Alli and England Drop Their Guard and Their Past
,Live Updates: Belgium vs. Panama
,Mexico Shocks Germany With 1-0 Upset in Opener
,Did Mexico Fans Cause an Earthquake During Their Win?
,"For Germany, a Defeat Both Stunning and Foreboding"
By MARIA ABI-HABIB and HARI KUMAR,Deadly Tensions Rise as India’s Water Supply Runs Low
By MIKE HALE,"The Middle East, TV’s Most Flexible Plot Source"
By AARON E. CARROLL 11:00 AM ET,The Medical Research Grant System Could Be Costing Us
By SHANE GOLDMACHER,Miner to Make Independent Bid to Challenge Cuomo
By THE NEW YORK TIMES,9 Ways to Get the Most Out of Your Times Subscription
,It’s Almost Summer. Finally.
,Are Women Responsible for Their Own Safety? Australians Point Fingers After Comedian’s Rape and Murder
,Buried Alive Beneath a Road? An Australian Artist Explains
,"World Cup, Afghanistan, North Korea: Your Monday Briefing"
,This Piece Weighs 650 Tons. And It Floats.
,Revisiting Alfred Stieglitz’s Camera Work Magazine
,A ‘Just Say No’ Dad’s Struggle
By GUILLERMO OSORNO,The Riddle of López Obrador
,Editorial: The Racist Trope That Won’t Die
,Blow: Trump and the Baby Snatchers
,Krugman: What Did the Romans Ever Do for Us? 8:20 AM ET
,The Charts That Show How Big Business Is Winning
,Riling Up the Base May Backfire on Trump 10:48 AM ET
,Who Really Put Saudi Women Behind the Wheel?
By NINA MORRISON 9:45 AM ET,What Happens When Prosecutors Break the Law?
By YASMINE EL RASHIDI 12:05 PM ET,Mo Salah Gives Egyptians What We Need
,"George Soros: In the Balkans, a Chance to Stabilize Europe"
,The Pain and Promise of Black Women in Philosophy
,What It Means to Be Loved by a Dog
,The Bacteria Babies Need
,Sign Up for Our World Cup Newsletter »
,How The Times Uses Anonymous Sources
,We Want to Hear From You
,"6 Therapists, Psychiatrists and Counselors Talk About Treating the Suicidal"
,"Are You a Woman in Saudi Arabia? Tell Us How, or if, Your Country Is Changing"
,Play Today’s Puzzle
,How The Times Uses Anonymous Sources
,Play Today’s Puzzle
,Play Today’s Puzzle
,
,
,9 Artists on What Gets the Work Done
,The Riddle of López Obrador
,Where Female Elephants Roam Without Tusks
,Drafting a Eulogy for Classic Rock
,The Bacteria Babies Need
,When the Bully Is a Doctor
,"German Leaders Delay Migration Showdown, Seeking Solution in E.U."
,Erdogan’s Plan to Raise a ‘Pious Generation’ Divides Parents in Turkey
,Deadly Tensions Rise as India’s Water Supply Runs Dangerously Low
,Tariffs on $50 Billion in Goods? China Can Take the Hit
,Video Game Addiction Tries to Move From Basement to Doctor’s Office
,"With Twitch, Amazon Tightens Grip on Live Streams of Video Games"
,Charles M. Blow: Trump and the Baby Snatchers
,Riling Up the Base May Backfire on Trump
,David Leonhardt: The Charts That Show How Big Business Is Winning
,"‘I Can’t Go Without My Son,’ a Mother Pleaded as She Was Deported to Guatemala"
,Safety Concerns Grow as Inmates Are Guarded by Teachers and Secretaries
,A Renewed View of Some of the World’s Oldest Trees
,"If the Robots Come for Our Jobs, What Should the Government Do?"
,"Google, Rebuilding Its Presence in China, Invests in Retailer JD.com"
,"With Twitch, Amazon Tightens Grip on Live Streams of Video Games"
,"Critic’s Notebook: At the Louvre, Beyoncé and Jay-Z Are Both Outsiders and Heirs"
,Album Review: Beyoncé and Jay-Z: The State of the Union Is Strong
,‘Incredibles 2’ Sells a Record-Setting $180 Million in Tickets
,Supreme Court Avoids an Answer on Partisan Gerrymandering
,"Trump Attacks Germany’s Refugee Policy, Saying U.S. Must Avoid Europe’s Immigration Problems"
,"In Texas Governor’s Race, Lupe Valdez Faces Resistance From Fellow Democrats"
,fixtures: Carl Hall Is the King of Spin
,Skin Deep: Stella Maxwell Is Fine With Her Bath Turning Black
,The Great Interview Magazine Caper
,‘Incredibles 2’ Sells a Record-Setting $180 Million in Tickets
,Review: ‘Incredibles 2’ Is a Fast Blast (With Red Flags)
,About the Ending of ‘Hereditary’: Really?
,A Shadow System Feeds Segregation in New York City Schools
,Stephanie Miner to Make Independent Bid to Challenge Gov. Cuomo
,Mass Shooting at New Jersey Arts Festival Leaves 22 Injured and 1 Dead
,On Soccer: Dele Alli and England Drop Their Guard and Their Past
,Belgium vs. Panama: World Cup 2018 Live Updates
,Brooks Koepka Repeats as the U.S. Open Champion
,"Review: ‘Fruit Trilogy,’ Eve Ensler’s New Show, Brims With Outrage"
,Review: Theater as Sabotage in the Dazzling ‘Fairview’
,"My Son Loves Elsa From ‘Frozen.’ I Had to Learn to Love Her, Too."
,Mammals Go Nocturnal in Bid to Avoid Humans
,Asteroids and Adversaries: Challenging What NASA Knows About Space Rocks
,"Trilobites: Using Harpoon-Like Appendages, Bacteria ‘Fish’ for New DNA"
,"Gennady Rozhdestvensky, Russian Conductor, Dies at 87"
,"Reinhard Hardegen, Who Led U-Boats to America’s Shore, Dies at 105"
,"Martin Bregman, Producer of ‘Scarface’ and ‘Serpico,’ Dies at 92"
,Red Flags Among the Roses. What Will Happen on ‘The Bachelorette’?
,The Affair: ‘The Affair’ Season 4 Premiere Recap: California Dreamin’
,"Westworld: ‘Westworld’ Season 2, Episode 9 Recap: The Stain"
,A Family in Transition
,Major Study of Drinking Will Be Shut Down
,Personal Health: A New Approach to Treating Hypochondria
,"Cultured Traveler: Athens, Rising"
,Trending: Your Next Hotel May Have an Attached Brewery or Distillery
,Pursuits: Francine Prose on Montreal in the Spring: The Time of the Butterflies
,Nonfiction: Misty Copeland Pirouettes Through Two Books on Dance
,Q. & A.: Tell Us 5 Things About Your Book: Drafting a Eulogy for Classic Rock
,Essay: What a Father Learns by Reading With His Special-Needs Son
,Colleges and State Laws Are Clamping Down on Fraternities
,"In the Age of Trump, Civics Courses Make a Comeback"
,Colleges Grapple With Where — or Whether — to Draw the Line on Free Speech
,A Good Appetite: Whole-Grain Pancakes to Make Any Morning Special
,City Kitchen: Craving an Easy Shrimp Dinner? Make This Curry
,A Festival Where Refugees Cook for New York
,Feature: First Canada Tried to Charm Trump. Now It’s Fighting Back.
,Feature: The Strange Case of the Missing Joyce Scholar
,Feature: The Wounds of the Drone Warrior
,Shopping Guide: Shopping for Firepits
,"What's Selling Now: Homes That Sold for Around $750,000"
,Ask Real Estate: Costly Repairs Are Looming. Must I Tell the Buyer?
,The New Health Care: Why the Medical Research Grant System Could Be Costing Us Great Ideas
,Trade Skirmish or War? Who Gets Hurt?
,Did Comey Cost Clinton the Election? Why We’ll Never Know
,"Happy Birthday to Q’s! Ten Years In, an Advice Columnist Reflects"
,"The Reality of a Migrant Shelter: Clean, Orderly and Devoid of Answers"
,Understanding The Times: How The Times Uses Anonymous Sources
,"Ford Aims to Revive a Detroit Train Station, and Itself"
,"Wheels: When Cars Do the Driving, Who Will Feel the Joy?"
,"Safety Move by Didi, Chinese Ride-Hailing App, May Strand Women at Night"
,The Woman Who Harvested a Wheat Field Off Wall Street
,The Stories Behind 5 New York Art Scene Legends
,Two American Art Icons Discuss the Old Days and Their New Shows
By C. J. HUGHES,"Homes That Sold for Around $750,000"
,Search for Homes for Sale or Rent
,Mortgage Calculator
